7983364,7503948,7126662,6871110,6772199,6848978,6851869,6652653,6712388,6989324,7334398,7541671,7611260,7411918,7238719,7438990,7819157,8570026,8610851,8507138,8184307,8105570,8701556,8441642
7852816,7443440,7185066,7110494,7241550,7722862,8386006,8959091,9435413,9598565,9687402,9759655,9784144,9818187,9977470,10014294,10329981,11233768,10918593,10416692,9769825,9434132,9825701,9423165
8752458,8294309,7982131,7846414,7874841,8481928,9312429,9921990,10265270,10533319,10661673,10760325,10699047,10671088,10710306,10658148,10941053,11609704,11251154,10837284,10274866,9837849,10391165,9862964
9117654,8548478,8358866,8280825,8332821,8932358,9572777,10321960,10748694,11060271,11112927,11237553,11141625,10988423,10868249,10892563,11047282,11639259,11228350,10657065,10091494,9608039,10332645,9913439
9209446,8675978,8348934,8105708,8104858,8373185,8422682,8638088,9260787,9570136,9849355,10205312,10145412,9900305,9726270,9710188,10086475,10692285,10389351,10065790,9565101,9241648,9721573,9538235
8739534,8301602,8026013,7750986,7781137,7852360,7916565,8061157,8446171,8982345,9269962,9689099,9706867,9408587,9284133,9094232,9598228,10306459,10413575,10204983,9716762,9549158,9846488,9366629
8770338,8248153,8129830,8076921,8209626,9130854,10510456,11073895,11446978,11402956,11410995,11539291,11413384,11420095,11287845,11559918,11878445,12501757,12212097,11493957,10832924,10247332,10777225,10266785
9650660,9259117,8892802,8750454,8867959,9729072,10869314,11569532,11637967,11807461,11704136,11675407,11477224,11728847,11509282,11503414,11745187,12504791,12062734,11449158,10771567,10307902,10758449,10404329
9685079,9180196,8974862,8805762,9085122,9509175,10933367,11583920,11773541,11819916,11870126,12044779,12068075,12009949,11858680,11809312,11955730,12773911,12293781,11665617,11055869,10614307,10998619,10467504
10008552,9437884,9134454,8939831,9183594,9594149,10879269,11696645,11721209,11778984,11454960,11415127,11046577,11079477,11093595,11408195,11821480,12760561,12286147,11874168,11236264,10686709,11182920,10626986
10267982,9566832,9324050,9335596,9447694,10060302,11276071,12099095,12275928,12119849,12025332,12008873,11515260,11587568,11508450,11449011,11675425,12407565,12079421,11602068,11122297,10566138,11416551,11181396
10279377,9741069,9371875,9144210,8915599,8954243,9177940,9482270,9954391,10363803,10172190,10152724,9932938,9739488,9771381,10092198,10411875,11362431,11025637,10568291,10031250,9897627,10389173,10388990
9786748,9372617,8929827,8787362,8514808,8489048,8643944,8740759,9147280,9654463,9877133,10332220,9934658,9646811,9405383,9445895,9620143,10885340,11220799,10880140,10500479,10175128,10734379,10394592
9754345,9434335,9097072,9032945,9376167,10032321,11287584,12201596,12339650,12423543,12264760,12289747,12171340,12052659,11868689,11957554,12308223,13103473,12782893,12049801,11382383,10763185,11423676,11195597
10654810,10099438,9907070,9595532,9678344,10193771,11416842,12140489,12194444,12264515,12390193,12425125,12159398,12229563,11963869,11965006,11872645,12988390,12694058,12233354,11561722,10960862,11592882,11345330
10867654,10304621,10120152,9690714,9720152,10133378,11478334,12165164,12322139,12384329,12437253,12282111,11922545,11927852,11964586,12138910,12063141,13222530,13066047,12511920,11901107,11344422,12038016,11710155
11040332,10708126,10291406,10011265,9938992,10418354,11746842,12355074,12510464,12612739,12579396,12682944,12354443,12362921,12212641,12319731,12347218,13385279,12768026,12199673,11716045,11318973,12047428,11694879
11002122,10586358,10330836,10206756,10104780,10616469,11872688,12687345,12805750,12741329,12665016,12776274,12186062,12233744,11996647,11926592,11854512,12674408,12407405,11877873,11327112,10759785,11530333,11354521
10607000,10155538,9880827,9492520,9362729,9221788,9531535,9861605,10388971,10971496,11221181,11293039,11008592,10816280,10716865,10753185,10820177,11821079,11682841,11091585,10711582,10291301,10855155,10870334
10268844,9808870,9416753,9079090,8939733,8763099,9015475,9022652,9562412,10264184,10675839,11175745,10992280,10759457,10512507,10383083,10508126,11564162,11841507,11527963,11053794,10415031,10931762,10586293
10124709,9740852,9523597,9256815,9305433,9910899,11288142,12022876,12076460,12287869,12377084,12514404,12324328,12410893,12150233,12242562,12293438,13079673,12874614,12415017,11704105,11154665,11741743,11270410
10980901,10653514,10227824,10066740,9948855,10607202,11869311,12402745,12413424,12512415,12220750,12207617,11656904,11626328,11410058,11692416,12047618,13055732,12881147,12372749,11751464,11215066,11875792,11672097
11055154,10644556,10309901,10007650,10038254,10341510,11827911,12425822,12290470,12620335,12387800,12335385,11988151,11942630,11828785,12000299,12117899,13035310,12890394,12236668,11708546,11205281,12027789,11644066
11075913,10587415,10361626,9898221,9806824,10333218,11560953,12287026,12296387,12301854,12353749,12362774,11923196,12013682,11898025,11924073,12039080,13113022,12902169,12318788,11699793,11305855,11991011,11724845
11246643,10777115,10361810,10031893,10037416,10545626,11795265,12553809,12767302,12615856,12375286,12340878,11983726,12140427,12032324,12041273,12062170,12834718,12429412,11825876,11127979,10697554,11515178,11327828
10674784,10140415,9928444,9539565,9267683,9196243,9510183,9758394,10224625,10656130,10889856,11271083,11007528,10927099,10865809,10781183,10765759,11611433,11439204,11020428,10451854,10031040,10563453,10437052
9899489,9436672,9078459,8719725,8398562,8289234,8281872,8360974,8817215,9516035,9993338,10425592,10213085,9753422,9371711,9254988,9451768,10565204,10745688,10489037,10120986,9634929,10221610,9753625
9304513,9074803,8633855,8618458,8753279,9256556,10800945,11538912,11571453,11413682,11126202,10878516,10578257,10653219,10796239,11051680,11149994,12105444,11830543,11195878,10575462,10085411,10498106,10147844
9509465,9104125,8818012,8645721,8788304,9309057,10580132,11120271,11429423,11514174,11567382,11689217,11367747,11308320,11167803,11130819,11131084,11824978,11609728,11019349,10325459,9789882,10270574,9764040
9027294,8404949,8249991,8076891,8214206,8838449,10163883,10921204,11017195,11105302,11127181,11045385,10742782,10525919,10391185,10340740,10456206,11491499,11531929,10905699,10295673,9836785,10239588,9743770
9230395,8692208,8460491,8356201,8475023,9083979,10258286,10831741,10856395,10955381,11076543,11117405,10758269,10605105,10461111,10324003,10517771,11510852,11493341,10981629,10348964,9840663,10356956,10113354
9422605,9041561,8760229,8558561,8625143,9294307,10625794,11367331,11531272,11748476,11591472,11687317,11382932,11444141,11249842,11080909,11115650,11738209,11514016,10778364,10313252,9996540,10630427,10528788
9934262,9303199,8764298,8526953,8420134,8337787,8584686,8953160,9403735,9768869,9738710,9543137,9278622,9190100,9107521,9344309,9591488,10397382,10803190,10243570,9698539,9455006,10001419,9922835
9401388,8903376,8653369,8480909,8278638,8291816,8311083,8345943,8794720,9118064,9026512,9406224,9454857,9335565,9102262,9298774,9316500,10241520,10476939,10314695,9823522,9488841,9835436,9491172
8860334,8574749,8204593,8024419,8278507,8911733,10309886,11172887,11190820,11360263,11420813,11448620,11266837,11069707,10688460,10642836,10976947,11974343,12090699,11453881,10721119,10085458,10563636,10237681
9432770,9153850,8769419,8609565,8759499,9340763,10649747,11237607,11158734,11012365,10843219,10617019,10412049,10684801,10762268,10923367,11114697,11844218,12086619,11596945,10797312,10177026,10778426,10365908
9976194,9603350,9300060,9142001,9289826,9736978,11096753,11729099,11556088,11852971,11711434,11390057,10839762,10749980,10790194,11178698,11182268,12154368,12243383,11683267,11026313,10514332,11099234,10659693
10084813,9615559,9416425,9237537,9238010,9844921,11066614,11592976,11606516,11716330,11387260,11361442,10925512,11129697,11247362,11244058,11421531,12337011,12448729,12122932,11338283,10715644,11383368,11103140
10384686,10019873,9819988,9536494,9677401,10240530,11382679,12051660,12141809,12171217,11893045,11578663,11048859,11060004,10918657,10990041,11311873,11901837,12269669,11562846,10914682,10581801,11119843,11020974
10368886,9950471,9400286,9281990,9024421,8949475,9185135,9475362,9830349,10144910,10055713,10048645,9865347,9792207,9702531,9797663,10069627,10644244,11173094,10679467,10131672,9708844,10285556,10183340
9704297,9160267,8858496,8520787,8594232,8473211,8512609,8591642,8824829,8918793,8882221,8922822,8706319,8515834,8413934,8493142,8894704,9687659,10382945,10257952,10002562,9728044,10151849,9946987
9352950,9193524,8939205,8768908,8748609,9390672,10435040,10941787,11563804,11872841,12018706,11974951,11762078,11805946,11657467,11687265,11612049,12220809,12258218,11840696,11059849,10553496,11308076,11111541
10581163,10144395,9744186,9550272,9601288,10025728,11032098,11461917,11775447,11902185,11952080,12016862,12024585,11973271,11819312,11901257,11837558,12379111,12451189,12023481,11247460,10952617,11724627,11364681
10848959,10248969,10032777,9827060,9656646,10271558,11224093,11585031,11928209,11751787,11357158,11221477,10863856,10692902,10902645,11166236,11334239,11870986,12355764,11791981,11125550,10907796,11356760,11092782
10482102,10142494,9746901,9400057,9487797,9828671,10737335,11214727,11569320,11914616,12082748,12200166,12073668,12107229,12130645,12112553,11904893,12220141,12511747,11745305,11217035,10901096,11647442,11215981
10738949,10375690,9971235,9687380,9597251,10052493,10944425,11498273,11639213,11825192,11604441,11448856,11397210,11297766,10931628,10995040,11021766,11450668,11938923,11251398,10703382,10262136,10946880,10814342
10044712,9486590,9143631,8988766,8852541,8934541,9164519,9351447,9887765,10202195,10341748,10513825,10217359,10154732,9958886,9972126,9956624,10450398,11064156,10851729,10090382,9761468,10322198,10225199
9667274,9238088,8898148,8591149,8632884,8498043,8564906,8461183,8867057,9264025,9606335,9923882,9670950,9348996,9033223,8833927,8992507,9750826,10833167,10790777,10405147,9882295,10198744,9905804
9608272,9244711,9009253,8874850,9060344,9794701,11003841,11318012,11336645,10956387,10510130,10447757,10173011,10036895,10166592,10462065,10704512,11371482,12211169,11753287,11047393,10595667,11167444,10724628
10132703,9808776,9514833,9315179,9448802,10182006,11237524,11619711,11569623,11413803,11562678,11448249,10945236,10806177,10826279,10904232,11048349,11656766,12254264,11711346,11030098,10520988,10969571,10662650
9975911,9426155,9330855,9069688,9237831,9895947,11090174,11405548,11357546,10928747,10457664,10191967,9906110,10119915,10261705,10595049,10989922,11523179,12083484,11739122,11000020,10473374,11140705,10825920
10224551,9717075,9440179,9290749,9252629,9823092,11100925,11256447,11156117,10769936,10586563,10699200,10622709,10901331,10966616,10932177,11096218,11398420,12183512,11609735,10884426,10465636,11103848,10874927
10293236,9855453,9617297,9352835,9412321,9945162,11053949,11354508,11328803,11185332,11173325,11395678,11214086,11333613,11234856,11302469,11369054,11602214,11911399,11476709,10686270,10345391,11265279,10995068
10296528,9813668,9436963,9182479,8958485,8956441,9260681,9246695,9718669,10021225,10023862,10344999,10332099,10383573,10302725,10362642,10329554,10714016,11101014,10801700,10209244,9811856,10351599,10275493
9777031,9446312,9092369,8745452,8672744,8558709,8791447,8566740,9256967,9640618,10077071,10328932,10229543,10049811,9623534,9705965,9719456,10325001,11103565,10931520,10352717,9932909,10386756,10101315
9579593,9326363,9002101,8757853,8876490,9490174,10853845,11386041,11565589,11894183,12088488,12039763,11727845,11772586,11617718,11699067,11562143,12001182,12409642,12007235,11314467,10652354,11161034,10930057
10374170,9820676,9658260,9430975,9462255,10024740,11333623,11711040,11715159,11746757,11522084,11446263,11302183,11457417,11391123,11318913,11217986,11580471,12048240,11628420,10966639,10419690,10965781,10585446
10170829,9677332,9317655,9020814,9203566,9798536,11162384,11534872,11878891,12055026,12018896,12172943,11955459,11988321,11751025,11837409,11660571,12032012,12413944,11921644,11320061,10735241,11216293,10915817
10437342,10000927,9655647,9510951,9448890,10063387,11432817,11714230,11884307,12146590,12233501,12169918,11740831,11747265,11725886,11678124,11510249,11838561,12455144,12013710,11302939,10638490,11256232,10825251
10489576,10023119,9486430,9308889,9434969,9952223,11171835,11497763,11686795,11929452,11779123,11690525,11483129,11524989,11330895,11107561,11015653,11310580,11683887,11320136,10621864,10274406,10889756,10573484
10072324,9550518,9200975,8955072,8742540,8876852,9195482,9320366,9955801,10341383,10456090,10594552,10253000,10025521,9773533,9798101,9897961,10426135,11046848,10743789,10226903,9934922,10398347,10112135
9777985,9280803,8882827,8710484,8460621,8519761,8683724,8267783,8786144,9111335,9022126,9379559,9292996,8798026,8696653,8932745,9055474,9622871,10496748,10515404,10074345,9595966,10021641,9606440
9221702,8850046,8715229,8642444,8721483,9496978,10820888,10759171,10536645,10280739,9789407,9695855,9324589,9248507,9352308,9657949,9970960,10691372,11633498,11222409,10518792,10085198,10416553,9953205
9279453,8999356,8607889,8518030,8665326,9374944,10853487,10766364,10513186,10164381,9848866,9654969,9248244,9367861,9482748,9998621,10159392,10711273,11479638,11260659,10520874,10070432,10480414,9945475
9360386,8671533,8490047,8428379,8652435,9278978,10560293,10707488,10735070,10917032,10752350,10418474,9806030,9567804,9483880,10027325,10136447,10728453,11397649,11082207,10443583,9957437,10478460,9984229
9285543,8758116,8662648,8470930,8603242,9382970,10765448,10940043,10941519,10828117,10823585,10958264,10532003,10617717,10727748,10917960,11039096,11469043,11864318,11459377,10728226,10133947,10599189,10165596
9470665,8972077,8706458,8668313,8781545,9527021,10774223,10673196,10607110,10420009,10197726,10399639,10295689,10441388,10437553,10479806,10644124,10969647,11488642,11048015,10416019,9975705,10417334,10065848
9423685,8642129,8233689,8182783,8185903,8312191,8560991,8670506,9372214,9747321,9897963,10152470,9829685,9660242,9485801,9565204,9513489,9976747,10421516,10271454,9694512,9280294,9744983,9547037
9099698,8501304,8206136,8231780,7920044,8087231,8357278,8316702,8907737,9300941,9719989,10029434,9877118,9560750,9429820,9195515,9305581,9896097,10596729,10409103,10197211,9796306,10014750,9836477
9288800,8931902,8662908,8519614,8607168,9235433,10622426,11018882,11334081,11495107,11490115,11692107,11484042,11433410,11398576,11408347,11453870,11714713,12002261,11958755,11162073,10509829,11224875,10891225
10361220,9893111,9761446,9407700,9373636,9858987,10965797,10963343,11235055,11557307,11540376,11610443,11324121,11132480,10909108,10928182,10799767,11395639,11904167,11982933,11491802,10897686,11570439,11396122
10933664,10588733,10291406,10063534,9804666,10428442,11531324,11499362,11610989,11637946,11390939,11387546,11214691,11109672,11065327,11196914,11155176,11486252,12057919,12061019,11458716,10950182,11492472,11179630
10682380,10281074,9760177,9456806,9513752,10007134,11246799,11368971,11330662,11191320,10679266,10836452,10604952,10587886,10595128,10561664,10681791,11195067,11725741,11964180,11275874,11069224,11624676,11261534
10739470,10220235,9914225,9736083,9576958,10104043,11135329,11319400,11391822,11238626,11072922,10933978,10610869,10604110,10468601,10593775,10663725,10884671,11211362,11143658,10631813,10134517,10549189,10342642
10122830,9398215,9074824,8747441,8697895,8648814,8767403,8855359,9356264,9803145,9570986,9694025,9513943,9265196,8815360,9094974,9404723,9794834,10156799,10102944,9747372,9300071,9801208,9613546
9240056,8837058,8489750,8371305,8262794,8289905,8200735,8191481,8520691,8861260,8796571,9235624,8920327,8664506,8201675,8522106,8610583,9186469,10085465,10418338,9880197,9479266,9825001,9353007
8929587,8566077,8430400,8413803,8602405,9331300,10512190,10496143,10665093,10291164,10097789,10003808,9918104,9885031,10097811,10246233,10374848,10959972,11234481,11514587,10629720,9994032,10561157,10266543
9642807,9370457,8823256,8610530,8903253,9520109,10529033,11008101,11199863,11270707,11379423,11453024,11024612,10837615,10428858,10396688,10577270,11039848,11374272,11601950,10965906,10357704,10868868,10465317
9876529,9405688,9100695,8911792,9140050,9763338,10754224,11084125,11531152,11781769,11786577,12010545,11663963,11640767,11370700,11469194,11470380,11765963,11818059,11781637,11104278,10637129,11073074,10801963
10187330,9740043,9405335,9369636,9428078,9922073,10998955,11131725,11037007,10933808,10914282,10988919,10848497,10757103,10676936,10683888,10812543,11122679,11387642,11649962,10962955,10379371,10755308,10484233
10045903,9427464,9244389,9013086,9076709,9749257,10439517,10483477,10318324,10173904,9936384,9965841,9587474,9669033,9898761,10119083,10213707,10567992,10753242,10711991,10299292,9881438,10566152,10256272
9711023,9174985,8640299,8459280,8441341,8566507,8640281,8868711,9429224,9970330,10059378,10316016,10147048,9902679,9999145,9875710,9826348,10171168,10410116,10425978,9938473,9544594,10013634,10020728
9703869,9158901,8769226,8500705,8451758,8305123,8040076,8184964,8865791,9364649,9676389,10015834,9793377,9417867,9077048,9136606,9047456,9453888,9947604,10568966,10125347,9696237,9946415,9735781
9318082,8970622,8694838,8484094,8652151,9304550,10366042,10678847,10916850,10922224,10699938,10566530,10140072,10063026,10121907,10307506,10470708,10946887,11150270,11466631,10838041,10214213,10772135,10439923
10001597,9532484,9273699,9088025,9223823,9765100,10732471,10683515,10436312,10134173,9721542,9597824,9287679,9409185,9513023,9854093,10208991,10770745,10967655,11386173,10804252,10366762,10943506,10776746
10203631,9625952,9311666,9171488,9203743,9868786,10713572,10631516,10490395,10117712,9742087,9556554,9381583,9464393,9591109,9998669,10325242,10840266,11058077,11445256,10887919,10413337,10854950,10416556
9967880,9564648,9223584,9066615,9267652,9824006,10753988,10805045,10653370,10353883,10168871,10138928,10108055,10283685,10359869,10505026,10692245,11097107,11265600,11474462,10933062,10539238,11003154,10764482
10205819,9712611,9344196,9098784,9272010,9863999,10746446,10928373,10942503,10755115,10690663,10801538,10786739,10810123,10581228,10509618,10500569,10760695,10860076,11091296,10646635,10222189,10831059,10528445
10084350,9448161,9042548,8849866,8678076,8711950,8782773,8698328,8935331,8999896,8971058,9416537,9371239,9322407,9189374,9367137,9421598,9664342,10005558,10283105,9875494,9528994,9875716,9842619
9353778,8928458,0,8674267,8352994,8264273,8424892,8048952,8284114,8384622,8501777,8770676,8771624,8749284,8566336,8477954,8298626,8621323,8841551,9214580,9632094,9332571,9798791,9680114
9260596,8735491,8401939,8278945,8086127,8165279,8375428,7867026,8066541,8016817,7722036,7462553,7123069,6898966,6612736,6728120,6850542,7598202,8237217,8706374,9238956,9021830,9778167,9541652
9123489,8687549,8338447,8299983,8318462,8979372,10024810,10065419,10133788,9921918,9428513,9211282,8905159,8787478,8650628,8728277,8881013,9470182,9779603,9948953,10421931,10123153,10592048,10335553
9873830,9193900,8931977,8836219,9013509,9489487,10206846,10235268,10522448,10596338,10281253,10275937,9797909,9900691,9832772,9954396,10024849,10256217,10343356,10250825,10544170,10209628,10774444,10495579
9923791,9444142,9015326,8960872,9018141,9403919,10292529,10294388,10657581,10632879,10237014,9914372,9316890,9312882,9109912,9313884,9390892,9781508,9995822,9990968,10427187,10057835,10578419,10223035
9763531,9107654,8795456,8561889,8729228,9303134,10195905,10220886,10582491,10850953,10860978,10917874,10638161,10652297,10595364,10449939,10393253,10533572,10286315,10080209,10457243,10002841,10651342,10356979
9859304,9228451,8720585,8635857,8503280,8494638,8732479,8587405,9335340,9569604,9770965,9928044,9668568,9257583,9026862,8688127,8742406,9033797,9207803,9419907,9633409,9411851,9889250,9736111
9410024,8867565,8532947,8490296,8281006,8307790,8448649,7964256,8021738,7985376,7653955,7704088,7565138,7117610,6803509,6896990,7111448,7810257,8519694,8905418,9417359,9093569,9496792,9197180
8794268,8363611,8082085,8058364,8289540,9052375,9970191,10074627,10376158,10135930,9692588,9756063,9627988,9804023,9901332,10236433,10125850,10501226,10264878,10289070,10463875,10129801,10464094,10158153
9651123,9095056,8738965,8657766,8804108,9420261,10144827,10312321,10703879,11071482,11120174,11158782,10876777,10844019,10688844,10334629,10163061,10435474,10536126,10324953,10460114,10088161,10531607,10186270
9536664,9017875,8752897,8537144,8792239,9303383,10011147,10301295,10810377,11059129,11171250,11390766,11018178,10735480,10732153,10529311,10458810,10481067,10395794,10264311,10417641,10079978,10655650,10127855
9387445,8755557,8587354,8385418,8513443,9054268,9576380,10186930,10357434,10625565,10750501,10757179,10171590,10091121,9894201,10035913,9966927,10177427,10309442,10193650,10517905,10037397,10443232,10053724
9417374,8803754,8458192,8339486,8516615,8970589,9675905,9817443,10011747,9979326,10108590,10128410,9667576,9520763,9152442,9410309,9292453,9515427,9472312,9523421,9535504,9395561,9979434,9571400
8880486,8239287,7867636,7812204,7871894,8015243,8056543,8132400,8714029,8894388,8660531,8469710,8101843,7622592,7584508,7583322,8009889,8688744,8856073,8801807,8955036,8799613,9015840,8762800
8135687,7677643,7339089,7272560,7368178,7385563,7422681,7342435,7799780,8141576,7993490,7959880,7479764,6787672,6502345,6533964,6557524,7149007,7868462,8260112,8871612,8709215,8790160,8370159
7860100,7494535,7095989,7334115,7608990,8334029,9344781,9808112,9965931,10277961,10321123,10491277,9950280,9782990,9710691,9382734,9376984,9878931,9941827,9732026,9984523,9821167,10029021,9449357
8638634,8230895,8130851,8075098,8156407,8777251,9725347,9867914,10033059,9930467,9615669,9571875,9401359,9277619,9423811,9575236,9932252,10290047,10216239,9942866,10068367,9725943,9940455,9421909
8763258,8254348,8063325,7902776,8135951,8652033,9711683,9901319,10116912,10078933,9735888,9263473,8648364,8814189,8883286,9000497,9243131,9377408,9547455,9433224,9605810,9489720,9506287,8828362
8289525,7914207,7629905,7444231,7789883,8304044,9138613,9535270,9374557,9115451,8838643,8874911,8433331,8308892,8370446,8311067,8581227,8776640,8983483,9129799,9348480,9409498,9574918,8979738
8411486,8117946,7911168,7881441,8179823,8777636,9584942,9754679,9794299,9963387,9934237,10150263,9907562,9775652,9505030,9205312,9179571,9515107,9399697,9255681,9360253,9364801,9671088,9194188
8666953,8068675,7625205,7643092,7648599,7808509,7647309,7883904,7962720,8004202,7643405,7526655,7310111,6946267,6834431,6844853,6867746,7588354,7905944,8231669,8455675,8582632,8878520,8558223
7964917,7571163,7333631,7143648,7141648,7223400,7244261,7114800,7401159,7586497,7729459,7884609,7583550,7227295,6986732,6923319,6986257,7606529,8188533,8565052,8826743,8746146,8769167,8328375
7917896,7628738,7375523,7409869,7726330,8461421,9497473,9980625,9936892,9787715,9394719,9036498,8731804,8599008,8624788,8801854,8928372,9454035,9612850,9673972,9507422,9518354,9687400,9114789
8448380,7881607,7539990,7583255,7635611,8329396,9347377,9885056,10098070,10242380,10082326,10182731,9706167,9580615,9308530,9188892,9132014,9391458,9545087,9452280,9396103,9575302,9669964,9089465
8466728,7974122,7855232,7707588,7944660,8542187,9232675,9533600,9402281,9255295,8798628,8599118,8240260,8240264,8143489,8273337,8485215,9005999,9186431,9217576,9225813,9381399,9565200,8928528
8298769,7866703,7589734,7509333,7726786,8253263,9053549,9503016,9581244,9346828,9025634,8694210,8248698,8261435,8315698,8375501,8644165,9054610,9113010,9103962,9185598,9288494,9419995,8920807
8253767,7943326,7740798,7611480,7693455,8373795,9147086,9827789,10296130,10491979,10393532,10556202,10229500,10242148,10070664,9946822,9993737,10104625,9776659,9495761,9299451,9378903,9712367,9303844
8667784,8121297,7835945,7777537,7749110,7835891,7646922,7900399,8094116,8117237,7829772,7803567,7713171,7626910,7292018,7358805,7537953,7929793,8092233,8116826,8314254,8565818,8721116,8446460
7996203,7443138,7130466,7037850,7017685,7137768,7082094,7160195,7376298,7669197,7645119,7597020,7298443,6867674,6710147,6756619,6945020,7575539,8103259,8384733,8567356,8822888,8802333,8220108
7707468,7463450,7254304,7238527,7537900,8238424,9214765,9780285,9975047,9912451,9796288,9808322,9321245,9283130,9374068,9251950,9151728,9541608,9554967,9476268,9446180,9662898,9884696,9431468
8846256,8285091,8224594,8079713,8251531,8917893,9559533,10003699,9969568,9856642,9452094,9387929,8769563,8771321,8486937,8612706,8856541,9104005,9156633,9182860,9197613,9312688,9531139,9101217
8436062,7954410,7683025,7543204,7487677,7390666,7249378,7073215,7108008,7023769,6903735,6913099,6492434,6055917,6021015,6331683,6686985,7366135,7835594,8083631,8127636,8406966,8702214,8265110
7702159,7394861,7201141,7165925,7401925,8181507,9180719,9812281,10262969,10143619,9981700,9847779,9387334,9310178,9294269,9313944,9217132,9491520,9641741,9371123,9349668,9526577,9698160,8905818
8462725,7965607,7804353,7767560,7957634,8556232,9261200,9729210,9644194,9413892,9064087,8845952,8578776,8486745,8507785,8555306,8612178,8866932,8852938,8791834,8721771,9106381,9300325,8811386
8092862,7621953,7250823,7190031,7255965,7338591,7355669,7385583,7495329,7658446,7423258,7642708,7150150,6954272,6944839,7048460,7266513,7744612,7876075,8117811,8116051,8373115,8365824,8195635
7735044,7190015,6985710,6987421,6931476,6977287,6938490,6935652,6919300,6870231,6753286,6757560,6642065,6330771,6180313,6271233,6326035,7052916,7601766,7954819,8190696,8628505,8598791,7953302
7483572,7173873,6957424,7091981,7342636,7923706,8976319,9264250,9262272,9111537,8801529,8835024,8373333,8612195,8698900,8923120,8987143,9490853,9499499,9544032,9164703,9320959,9309745,8859472
8282252,7965706,7916113,7608462,7684543,8311766,9140912,9555188,9707003,9635069,9356128,9226313,9016281,8918281,9136207,9313581,9621122,10064624,10027170,9741873,9444332,9527015,9659703,8998132
8514653,8027633,7780730,7733201,7811572,8300387,9028415,9454094,9521430,9295359,9313700,9762459,9808866,9786942,9592609,9659238,9524842,9623067,9709781,9515608,9291384,9315019,9445517,8909870
8282410,7752150,7522850,7437032,7292670,7167499,7153211,7131292,7089534,7084905,6666779,6860534,6824660,6516145,6348837,6507524,6748075,7146746,7504209,7669072,7884973,8297278,8500901,7846042
7445190,6913411,6865853,6746778,6836081,7058981,7584237,7796109,7983604,8026319,8096043,8299681,8198785,7933308,7905263,8098859,8063398,8333520,8361880,8293959,8250911,8519017,8950260,8344023
7906730,7311979,7239796,7080069,7075153,7127078,7229025,7568113,8008027,8514952,8560388,8412154,7779734,7431201,7583062,7584695,7644889,7970457,8117931,8150695,8264718,8222317,8370626,7866431
7584159,7186225,6930021,7002613,6930181,6795229,6892085,6899186,7199951,7628159,7926869,8049568,7756044,7417825,7239552,7210834,7270404,7638383,7947300,8259731,8329024,8719386,8697980,8023447
7632642,7376384,7060710,7161546,7372398,7947859,8852502,9476575,10078465,10066912,10029436,9956722,9335777,9439599,9259790,9290246,9440728,9667731,9567815,9392168,9136828,9392707,9678226,9262627
8378589,8057655,7770377,7866960,7951436,8484078,9271179,9855366,9858997,10042990,10028228,9923920,9733979,9566341,9732224,9751776,9845582,10058456,10134048,9802303,9544854,9600818,9739022,9107060
8540406,7979054,7779708,7734844,7910203,8298221,9239828,9730505,9905332,10052910,9768072,9488986,8934149,8703416,8654700,8797370,8806195,9186065,9273349,9348365,9260630,9495114,9828387,9260768
8554305,8206273,8007535,7972021,8022085,8587119,9468669,10028513,10391194,10575329,10654314,10744931,10463503,10446750,10447443,10328238,10397345,10492514,10380003,10017452,9792751,9670013,9945173,9440204
8791940,8343876,8223341,8019542,8226969,8621212,9585714,10004492,10476243,10539575,10810994,11032578,10646290,10561122,10313275,10044485,10203167,10093727,9899104,9578161,9457830,9465664,9875570,9380601
8585430,7981428,7829212,7527147,7587728,7534693,7744853,7952185,8469716,8769528,8741245,9001552,8684419,8322261,7766233,7525454,7780887,7936809,8023692,8191156,8177242,8339214,8745756,8465115
7852273,7140527,7085275,6911005,6908219,6757310,6729802,6777734,6915942,7025814,6992814,6881344,6725250,6546158,6411776,6390302,6597938,7060723,7378807,7632889,7727099,8004348,8328920,7910239
7409387,7137148,6825358,6720799,6789512,6699594,6816097,6961569,7422366,7843391,8239948,8553081,8386125,7998942,7852981,7772295,7943905,8172835,8355690,8251486,8200857,8333634,8797106,8248536
7747678,7215880,7072925,7086751,7380465,7893746,8984551,9718537,10102231,10238287,10425702,10519894,10283308,10243912,10166036,10139701,10191878,10308641,10151456,9822638,9431810,9406521,9768276,9027237
8476590,8089672,7773197,7718067,7884351,8411539,9409390,10007956,10327801,10465809,10427866,10052649,9813822,9637208,9781005,9879481,9650075,10027958,9947871,9884302,9633114,9630378,9925248,9340362
8732878,8151744,7956092,7749597,7928829,8382981,9385352,9939446,10018522,10327388,10196103,10118011,9636966,9567783,9281981,9431066,9323167,9568004,9626591,9471900,9284530,9374482,10061210,9522112
8942807,8333964,8199194,8116640,8357910,8644061,9590408,9842803,9867817,9961150,9993107,9980057,9713177,9798566,9491309,9451015,9484490,9692287,9629594,9476977,9359594,9180180,9734204,9235282
8594773,8106847,7764944,7661996,7636328,7534596,7519512,7545745,7690959,7793711,7645642,7588073,7431875,7284694,7419216,7320725,7368201,7707626,8055114,8184464,8332060,8432429,8728044,8485967
7945041,7573531,7284661,7096340,7072868,6963624,7133144,7295675,7714477,7997403,8134490,8260985,7830456,7356485,7008809,7033172,7271550,7467035,7914090,8153416,8123514,8253107,8717192,8205419
7655466,7319807,7048870,7144416,7364370,7859778,8841723,9189003,9179082,8989758,8621814,8657076,8268267,8284738,8227324,8164432,8445261,8908542,9036085,9004557,8898338,8832088,9480689,8934008
8202492,7754023,7557541,7492720,7645637,7876249,8745686,9027743,9097475,9002692,8768123,8605557,8446587,8545614,8838321,9043130,9433573,9983612,9866184,9517432,9214744,9191777,9448266,8957751
8290663,7804592,7694371,7620076,7737852,8134700,9147909,9785235,9958239,10047951,10075266,10328554,10162214,10211492,10125487,10141909,10064321,10251196,10098568,9648218,9261142,9226892,9517763,8984019
8281729,7836874,7711824,7611794,7804186,8143342,9294672,9875299,10296360,10410460,10370349,10470289,10024270,10040367,10014805,9825344,9616921,9810562,9661582,9449672,9110353,9049560,9632144,9040988
8407052,7821189,7748994,7595264,7786443,8082264,9135854,9716080,10022529,10160634,9786399,9642421,8991838,8580269,8344538,8167828,8307888,8585342,8596922,8601120,8470589,8490718,9322234,8782959
8140671,7634726,7328330,7117699,7055577,7013425,7280649,7543435,8048540,8282319,8189713,8052584,7579518,7122568,6958078,7045556,7416421,7927544,8121424,8165624,7927754,7988921,8380822,8177031
7650331,7101194,7060074,6891970,6884897,6629514,6699665,6652978,6613042,6568403,6436835,6502859,6224134,5940903,6059401,6030604,6248433,6778315,7245883,7552821,7633536,7767356,8299814,7706652
7176891,6880288,6785225,6694116,7033911,7475230,8480256,9019310,9326130,9463811,9688956,9665827,9107487,8782870,8484228,8330005,8601833,9049837,8948960,8929240,8923155,8773263,9108317,8637049
7967601,7805097,7534820,7604213,7876642,8083944,8988722,9635486,9997472,10041682,9791295,9480728,8774902,8487066,8504231,8527767,8501831,8924480,9075993,9073089,9027097,8911268,9529220,8992793
8200335,7898115,7680981,7673653,7858527,8081931,9023971,9471070,9405807,9295326,9001970,8945459,8565894,8557395,8596138,8654640,8699946,9043498,9145392,9098630,8997110,8914767,9440409,8710935
8210283,7718865,7556450,7383264,7520290,7835677,8562765,9040857,9003964,8902194,8694534,8621410,8290826,8358147,8357275,8432909,8755004,9020844,9096880,8870239,8822818,8642352,9132940,8615033
8134763,7558598,7441393,7384719,7555547,7775029,8673887,9119568,9278937,9220554,8891103,8894562,8387457,8315640,8279044,8481180,8468500,8900207,8785033,8718326,8710577,8692391,9182997,8587459
8038865,7502403,7356985,7323709,7177814,6885118,7078379,7326789,7526326,7600267,7483455,7362737,6781893,6726041,6719643,6729856,7038843,7530915,7684349,7869218,7746789,7853294,8363420,7888792
7318343,7111273,6898992,6704386,6708610,6481945,6601479,6627913,7130818,7384282,7309288,7238484,7130954,6642459,6522428,6605625,6754812,7357544,7612209,7974329,7906993,8070278,8367826,7816094
7356589,7029270,6908071,6992105,7149880,7578796,8537029,9200820,9619670,9617276,9718098,9602062,9026288,9085105,8909703,8893877,8902054,9212123,9256282,9223551,8954004,8974261,9376623,8780110
8167237,7774230,7751272,7602292,7694329,7943187,8840558,9283481,9399523,9293869,9104389,9307825,9042957,8932146,9156734,9258328,9428755,9819501,9600928,9386843,9307710,9173342,9426187,8820520
8301065,7746648,7582516,7640866,7760110,7933075,8870253,9464080,9700817,9665413,9890592,10061116,9757582,9531984,9218104,9084588,9198658,9745090,9537505,9291297,8973829,8917211,9239731,8544428
8173568,7637598,7622664,7599973,7832230,7868161,9047689,9792762,9718604,9753783,9618289,9758416,9616156,9837069,9881184,9972480,9772529,9789302,9416129,9181343,8751928,8595634,9339429,8623936
8030504,7676564,7434865,7523531,7585652,7943978,8928305,9422596,9383182,9302266,9206547,9178858,8925142,9067361,8602505,8547660,8666196,8908846,8886582,8909393,8844691,8510168,9159236,8427074
7914476,7476890,7314713,7039553,6837471,6544652,6859049,7282190,7637717,7837471,7852279,7575315,7244910,6804885,6797689,6681425,7052196,7518680,7627426,7875639,7834656,7759522,8147492,7754204
7407656,6870071,6633936,6659543,6656685,6486263,6654916,6643886,6894439,7207638,7101393,7123595,6856019,6825450,7150662,7105304,7361644,7454891,7801466,7893691,8070834,8069070,8141021,7553225
6987162,6875663,6651039,6695887,6846319,7252230,8129464,8882191,9000520,9279120,9347014,9525506,9795012,9759112,9312146,8691182,8768332,9017803,9257667,9219629,9119942,9139603,9269009,8672219
8189661,7709953,7632242,7674154,7794561,7908794,8711176,9324617,9323937,9337055,9213340,9121953,8771499,9071198,9077954,9385690,9361230,9578362,9354607,9243490,9115502,9027452,9586842,8843883
8424206,7950708,7740926,7692786,7740158,7997221,9098155,9785585,9983028,9678718,9732878,9712716,9279288,9489360,9933986,9866906,9451324,9487639,9425949,9344448,9304427,9109088,9212384,8704643
8273188,7841324,7663337,7614158,7885091,7956303,8805055,9801390,9935508,10168449,10229168,10566780,10164094,10105306,9435509,8981360,9146242,9543690,9672417,9469393,9260892,9008807,9505185,8849045
8163325,7816374,7427321,7496796,7605316,7753347,8763050,9450887,9742543,9795006,9860908,9843447,9298418,9173353,9032627,9015070,8883081,9058069,8852710,8659509,8421807,8363733,8922963,8249787
7684000,7320952,7094237,6873386,6859682,6617735,6775242,7183940,7356264,7785508,7939330,7877283,7766366,7679211,7490891,7525634,7756546,7995719,7878288,7904694,7720498,7725746,7911216,7565376
7147171,6686806,6535958,6305422,6267800,6176596,6171533,6418986,6854428,7163249,7458839,7603765,7283339,6812899,6518296,6376852,6648224,7037202,7419030,7624601,7762788,7742830,8013313,7480226
7084144,6832335,6670420,6683224,6885016,7302267,8316662,9001461,9289091,9633416,9586604,9630450,9443282,9424976,9368490,9431651,9476216,9631387,9564654,9389308,9110422,8901292,9305302,8686304
8176016,7786221,7641376,7602781,7659296,7910396,8981511,9619520,9565189,9573885,9452998,9620283,9304023,9240791,9044199,8940224,8978761,9102601,9078839,8939926,8814406,8776391,9275167,8654624
7986839,7787902,7599539,7604646,7758953,8006947,8742936,9283857,9417908,9331652,9304975,9326847,9387714,9531813,9292221,9057350,9240209,9441857,9508059,9326602,9150013,9142897,9555598,8764678
8237435,7890861,7546847,7419308,7494902,7732495,8591095,9166135,9344752,9349550,9370217,9620848,9236205,9171151,8900388,8798536,8854662,9007690,9010117,8945677,8931609,9034550,9544364,8873160
8181041,7768877,7602592,7722714,7774316,7930659,8909562,9698218,9985723,10255134,10234221,10202866,10045064,9998596,9595552,9328583,9152808,9408120,9457938,9058318,8828924,8772934,9179653,8608710
8030979,7688616,7295773,7207575,7091955,6891258,7196901,7595982,8161057,8678168,8835649,9097500,8465336,7789874,7523123,7513317,7437690,7713749,7940203,8000400,8022648,8076192,8419657,7955148
7600376,7090728,6817312,6777272,6744041,6438054,6635084,6815294,6945206,7187954,7181373,7056630,6966940,6801035,6747744,6492458,6660174,7027786,7351189,7685374,7841855,7951452,8386896,7850511
7327191,7105575,6881928,6840372,7021159,7303937,8299737,9085142,9415402,9602686,9645274,9654097,9210066,8916161,8802381,8943480,8888525,9098618,9071650,8969963,8782653,8730386,9307948,8779771
8187936,7881726,7785964,7654741,7849943,7875007,8701432,9077330,9288178,9187500,8983227,8832711,8624102,8621467,8737618,9085865,9367583,9451768,9409775,9220356,9073255,9125998,9425082,8808788
8363802,7820372,7670447,7610068,7655463,7905128,8657012,9350673,10049760,10109310,10124632,10441530,9984355,9740632,9728478,9592925,9517225,9792641,9575562,9245128,9129759,9091775,9566137,8733951
8288104,7863156,7638388,7586376,7883083,8083932,8898288,9355384,9603993,9676366,9486255,9653387,9186018,9217719,9300325,9295471,9491447,9540565,9457703,9273241,9212865,9168860,9467491,8857204
8427128,8131543,7844687,7824218,8037812,8187679,8921851,9588136,10041274,10269688,10289439,10283076,9761578,9439700,9295776,9019516,8910026,8891606,8977238,8825258,8762629,8670684,9295770,8577546
7999723,7694999,7521362,7340131,7256929,7038407,7241915,7457579,7689835,7718770,7566833,7616680,7521746,7280239,7132512,7062589,7359172,7575188,7924193,7907907,7939790,8061483,8412884,8078929
7508915,7258880,7122799,6918572,6880904,6619908,6663403,6710226,6715696,7003002,6743982,6742600,6385978,6223518,6089770,6209949,6441518,7016537,7504910,7893550,8019478,8044207,8526474,8050301
7455543,7251160,7011017,7050829,7322910,7516690,8198572,8966655,9085623,9021181,8827806,8840531,8537986,8468311,8375336,8525066,8667145,8852452,9131172,9019368,9169613,9140543,9458844,8927742
8344527,7968442,7869139,7820810,7801413,8081432,8842074,9078803,9235387,9224300,9128700,9026688,8722895,8473617,8499850,8556799,8720055,8953532,9000506,9070671,9017601,9114144,9491048,8848581
8318167,7976148,7727920,7644215,7827929,7918048,8598054,9003257,9041000,8965426,8789309,8880206,8729174,8915283,8860073,8903389,8862585,8960996,9002442,8784959,8670815,8737037,9256845,8628106
8173970,7831038,7774621,7789907,7858081,8039549,8696071,9263147,9733335,9862079,9728609,9614996,8982963,8780531,8574431,8642645,8697427,9032445,9163158,9203081,9123870,9127563,9458134,8968632
8455518,7980136,7782123,7699440,7655083,7878314,8472451,8950966,9226139,9273665,9383199,9073877,8608961,8460787,8428382,8383759,8682507,8888018,8874064,8774318,8699832,8485749,9017699,8570286
8161862,7627945,7499202,7290649,7057482,6998557,7231158,7445285,7781478,7827089,7610911,7659544,7153149,6800154,6756509,6815382,7067838,7417186,7676760,7843249,7972609,8085203,8279110,7884195
7470432,7177640,7077840,6994310,6949631,6575879,6762787,6820221,6793790,6834284,6710631,6723887,6587906,6309798,6308606,6425872,6703799,7257581,7626672,7757872,7895278,8129874,8548809,8047087
7677080,7338965,6985457,7055314,7155215,7320373,8044250,8420310,8748737,8652845,8435604,8646891,8375678,8210002,8089847,8047756,8284174,8650211,8797832,8882104,8849850,9012757,9340938,8690892
8277534,7822736,7725574,7804039,7798587,7958833,8563228,8874061,8829208,8870870,8803985,8734021,8481845,8449435,8426595,8542705,8713109,9049772,9049241,8944792,8836833,8826104,9315790,8738718
8135725,7814798,7692125,7387492,7620973,7712210,8268493,8723976,9055615,9102910,9033611,8890934,8597424,8572789,8404022,8661645,8833527,9020948,9005039,8935713,8801509,8892295,9333844,8726345
8222680,7866225,7738930,7716126,7714620,7937777,8440680,8852139,8971569,8973365,8739757,8912829,8403836,8399059,8359734,8439844,8563629,8802862,8853263,8974693,8870725,8961288,9407234,8801411
8152391,7748896,7554180,7607108,7681597,7712561,8231064,8737613,8701670,8688101,8567772,8212603,7905013,7874599,7898267,8037168,8177545,8368021,8425061,8422417,8314316,8281913,8734281,8188821
7758221,7401104,7051722,7015452,6961075,6670500,6924590,7065614,7331589,7779682,7759891,7847337,7622112,7337720,6992902,6887167,7064182,7394833,7629467,7713372,7764715,7794953,8054705,7634703
7233034,6900146,6709657,6691824,6595691,6440583,6591656,6533411,6598448,6639257,6428964,6381740,6277718,6136833,6042844,6122824,6308817,6828260,7338167,7695731,7980566,7947145,8359746,7842839
7504675,7201812,6963818,7007581,7030549,7159314,7754544,8070753,8277004,8410005,8198519,8172864,8045209,8020247,7909882,8028128,8260440,8513481,8535671,8519542,8453815,8569203,8987300,8286368
7821996,7475676,7406077,7349345,7472199,7581064,8052986,8380165,8643939,8571683,8529739,8494248,8282982,8313397,8372580,8384085,8641700,9179934,9057124,8807262,8499117,8817950,8966676,8461418
7898275,7520060,7315345,7216275,7291040,7521952,7877332,8402509,8815428,8998478,8836737,8677595,8213091,8123082,8016918,7983040,8025723,8307811,8490844,8565942,8509602,8594430,8905056,8341585
7758154,7410644,7176685,7035634,7101864,7231802,7756792,8157428,8509929,8599271,8461389,8330822,8021895,7961196,7943165,8098611,8431056,8787864,8770487,8605336,8487934,8607000,8973428,8422313
7849672,7436703,7179126,7117279,7247991,7417292,7806034,8451274,8809022,9276347,9508239,9396877,8786018,8212166,7875578,8049273,8405572,8782031,8680706,8602819,8454190,8466725,8768781,8227703
7719978,7284428,7072057,6907990,6900108,6721525,6726892,6936724,7351487,8189148,8445763,8058626,7282960,7019710,6952705,6735251,6905963,7332613,7648176,7816445,7857214,7992523,7890298,7488898
6918619,6542887,6442371,6269520,6231366,6210134,6075271,6207759,6547691,6658024,6980715,6802058,6299912,6139654,6210122,5921781,6177594,6620088,7069380,7470521,7639521,7887776,7941524,7411379
6865545,6512186,6464873,6456550,6582239,6940119,7409864,7750776,7971137,8074434,8113644,8182848,7798154,7867679,7821476,7835498,7907267,8023651,8152867,8258639,8358684,8531804,8618005,7850140
7393615,6944087,6854964,6758541,6862977,7111444,7633204,7989255,8146936,8199173,8191950,8317777,8330845,8561490,8455402,8477487,8633882,8776183,8667688,8482714,8239619,8303366,8421903,7815419
7210530,6914617,6784968,6732847,6842707,7134983,7655629,8136568,8365316,8467676,8465290,8579556,8336574,8088128,7903661,7876305,8101292,8505963,8506089,8445424,8463754,8703965,8810459,8130940
7598805,7220131,7031040,6983012,6966263,7283760,7709757,8108707,8200741,8223975,8138879,8191153,7890670,7783053,7810474,7985032,8151210,8534116,8696230,8688606,8609199,8832662,9054855,8336875
7754927,7396359,7279739,7284645,7339360,7509061,8010910,8506709,8641610,8639071,8601339,8498733,8242462,8021753,8051209,8195772,8353092,8471302,8577306,8528552,8496724,8735449,8847412,8358225
7683517,7359412,7146077,7022203,6915839,6911458,6850256,7018655,7114856,7152371,7105118,7120730,6797251,6656273,6630170,6780311,6948104,7458496,7660249,7851722,7950668,8131918,8007398,7505444
7180127,6830078,6750831,6643058,6647120,6672299,6506194,6467765,6656602,6592985,6420963,6494368,6368616,6264608,6152347,6146730,6302848,6804340,7363400,7641179,7987452,8364629,8158230,7554260
7184770,6953880,6848914,6849912,6911173,7296273,7872507,8221837,8439381,8421487,8278576,8361761,8180462,8191053,8283319,8467922,8729450,9103919,9134477,8827779,8727406,8853024,8823653,8175813
7704931,7364192,7264772,7289778,7343825,7743244,8103345,8557049,8845747,8956124,8832711,8875098,8482798,8674617,8830627,8596963,8545634,8810476,8833601,8757546,8796148,8996208,8945099,8327338
7748871,7426751,7299862,7234529,7307459,7676704,8163908,8900985,9241179,9554357,9698345,10178489,9753475,9689111,9533653,9430384,9273456,9341485,9100645,8953400,8782871,9030515,8869412,8265788
7867216,7494040,7318455,7225539,7357563,7701832,8208007,8790280,8945065,9057397,8855512,8979162,8501950,8284293,8229160,8437643,8594726,8867070,8850671,8763774,8709692,9122034,9056610,8471867
8035378,7617771,7467241,7507115,7416000,7698295,8214819,8607625,8810547,8906095,8980977,9105164,8630608,8594047,8441052,8339733,8441874,8614199,8673166,8540953,8459663,8820227,8792487,8220946
7678646,7315280,7091593,6867746,7004114,7035614,6867148,7164849,7576586,7788749,7804152,7562709,7461452,7326633,7172379,6989746,7235204,7721727,7840048,7978857,7975088,8269636,8173342,7784082
7386308,7040234,6679715,6600469,6589755,6662269,6515617,6511568,6744255,6643750,6696773,6900309,6714517,6654692,6482341,6601197,6745056,7138913,7669628,7773091,7813561,8370540,8052029,7552238
7093920,6864299,6700737,6669600,6990066,7435256,7984979,8510835,8795729,8870241,9167722,9169903,8944191,8678031,8717290,8656133,8726647,8896985,8960797,8889770,8816100,8952945,8826123,8226867
7726019,7428063,7245834,7203643,7324192,7619814,8075887,8631001,8723185,8671577,8568793,8851590,8416904,8338845,8141752,8057562,8059254,8415014,8668620,8775301,8735789,9021999,9029669,8343948
7878847,7552008,7297324,7245757,7370298,7775464,8388720,8756853,8808409,8859324,8858132,8933965,8586423,8554185,8503933,8532663,8581746,8610598,8545248,8673881,8603116,8946423,8897772,8325173
7727848,7325696,7110341,6952311,6785428,6872025,6742386,6861672,6936276,7144618,7292819,7448968,7110674,6817218,6778582,6838998,6898943,7095357,7438749,7735023,7760862,8176992,8217799,7575258
7167216,6793999,6706073,6516154,6667359,6897007,7203092,7446041,7612000,7625416,7471303,7440357,7126592,7153022,7358438,7642146,7936463,8286120,8339125,8277809,8416943,8646363,8626056,8080175
7682683,7250179,7078215,6850777,6898243,6950905,6906425,7424411,7660361,7893554,7746655,7593172,7372852,6844204,6628163,6743786,7050140,7463423,7903077,7933191,7964061,8106888,8059889,7602088
7306944,7029040,6697344,6646981,6546797,6610666,6506551,6818931,7148491,7437583,7667923,7702547,7453933,6957819,6707490,6512371,6643471,7163313,7685962,7922291,8087494,8439740,8197738,7495849
7128695,6909605,6761503,6838460,7012631,7502850,8313836,8779208,9075022,8948640,8891101,8998677,8685105,8700079,8479411,8422131,8464450,8788190,8972597,8963056,8872783,9197200,9125175,8410664
8046462,7668981,7552103,7571583,7592125,8156432,8738700,9309712,9396055,9544051,9322702,9253168,8660395,8727393,8915163,8959432,8960311,9196483,9255497,9149023,9148640,9346837,9188598,8553912
7979396,7638476,7494084,7445093,7452712,7922685,8567269,8950175,9231380,9020612,8890886,8841466,8336191,8273457,8329291,8439952,8633937,9089775,9194347,9167649,9334591,9338855,9219550,8741155
8087865,7757708,7519991,7560220,7844400,8139876,8728509,9137326,9484840,9416436,9585721,9491760,9429767,9566689,9599244,9632057,9613910,9804374,9528415,9388228,9373493,9478664,9299166,8647355
8189819,7721412,7598921,7626707,7790247,8262243,8754637,9262142,9666321,9563007,9487408,9203192,8698571,8576308,8438472,8614965,8791327,9083464,9168374,8943652,8973057,9129760,9050222,8432326
7885529,7533597,7386083,7073103,7148245,7095532,7217781,7580135,8176278,8562629,8611863,8761188,8495061,8320910,8420316,8177156,8177529,8474296,8482890,8373002,8346819,8463615,8199975,7830214
7299834,6842100,6638876,6558740,6624765,6674186,6714372,6913922,7174246,7233927,7411722,7639425,7461492,7145334,7040803,7101066,7250959,7725663,8180168,8341560,8482283,8567171,8268688,7750554
7323494,7156412,7068521,6892913,7087665,7602553,8472851,9055106,9214170,9168923,9020016,9061513,8717763,8686554,9005368,9150104,9131375,9470186,9402807,9364646,9308915,9262895,9057206,8426284
7965656,7633679,7570775,7580775,7737499,8248925,8936315,9600554,9742861,9916925,9580389,9409124,9045582,8963541,8947034,9014220,9142113,9311874,9390473,9332556,9615597,9364432,9284521,8545339
8145922,7829754,7704335,7617387,7856272,8280881,8961299,9509621,9769999,9656816,9471684,9522636,9384210,9313154,9218984,9015977,9045806,9546671,9557609,9471314,9706056,9539304,9408462,8817160
8347182,8002991,7845110,7813590,7969188,8291039,8896400,9507845,9603540,9639802,9578655,9461676,9174776,9104273,9072579,9045819,9192246,9420586,9537882,9459113,9794564,9638870,9554949,8868346
8355274,7981623,7734342,7794553,7896824,8428895,9025073,9322875,9591985,9548431,9343167,9426924,8887735,9005225,9067345,9146332,9195899,9347341,9346238,9291647,9604241,9327251,9179295,8735128
8203394,7741830,7550088,7407469,7227970,7347974,7514602,7899596,8477257,8793019,8964671,8813353,8293664,7694925,7565472,7425823,7444674,7898028,8240206,8319501,8753555,8513660,8497560,8062555
7505013,7292981,6974090,6957529,7004321,6993584,6996533,7106374,7335908,7422611,7527979,7606432,7465054,7103172,7049986,6928111,7025171,7745027,8291540,8620848,9038606,8674911,8570807,7811182
7424215,7283971,7011401,7097806,7258200,8014891,8913331,9491877,9530870,9582144,9542892,9562710,8953653,8818018,8728679,8717562,9111147,9652792,9630383,9758955,9982582,9517512,9527527,8702923
8215100,7895174,7843798,7750545,7934380,8420674,9413367,10069985,9948319,9761314,9484166,9540281,9179130,9229763,9448176,9504222,9698126,10109925,10063910,9871454,10326776,9854214,9699020,8883178
8540967,8071752,8054529,8059130,7904639,8508902,9426493,9888481,9814700,9581581,9517574,9337767,8912446,8981384,9032346,9203903,9409934,9855220,9836150,9780370,10187678,9701342,9516203,9001770
8516014,8116386,7983000,7838680,7911414,8397047,9339017,9648288,9706201,9677596,9520173,9520996,9055868,9118844,9154517,9279150,9553765,9907431,10063412,9863472,10276485,9876649,9692279,9139775
8634966,8252663,8141750,8074338,8071558,8757775,9538873,9986661,10029245,10070655,9747925,9885335,9466103,10001279,9844712,9423546,9471660,9709525,9691196,9584137,9868762,9434038,9417156,8783655
8284789,7959413,7727124,7486161,7411881,7569425,7727800,7986211,8384670,8556606,8398899,8383273,7998918,8206293,8005154,7736679,7753965,8148256,8510127,8626931,8968362,8602431,8434604,8052972
7602986,7266663,7168872,7092440,6997243,6928732,7260084,7311297,7616972,7610433,7171911,7253954,7232059,7064091,6901598,7075582,7368738,7908791,8278597,8696035,9001507,8620569,8278521,7725721
7369437,7104641,7039980,7174209,7234976,7868417,9159447,9527270,9604682,9429505,9184619,9515880,9191520,9307213,9630021,9641789,9877686,10173602,10048122,9944918,10107006,9462697,9357544,8794489
8178069,7855833,7810022,7694551,7793840,8299627,9570043,9887356,10107630,10045901,9866677,10090034,9658010,9386982,9229730,9160095,9581173,9868624,9773390,9679346,9650231,9100729,8982222,8446081
7828717,7483558,7418622,7460526,7584081,8159765,9398771,9867644,9988706,10141967,9866787,9940673,9701368,9595831,9603772,9550142,9519212,9755697,9819755,9679669,9905744,9379255,9318598,8592646
8211269,7807342,7561259,7558266,7726098,8273714,9590869,10018971,10163238,10153590,10081277,10210470,9820265,9766082,9612861,9521353,9666136,10009553,9910100,9918230,10102951,9521960,9439076,8789737
8256440,7980942,7714925,7725273,7809784,8321028,9569615,9783625,9803680,9917467,10020790,10064134,9783593,9828862,9777612,9678865,9766567,9961787,9791445,9669182,9653551,9167499,9314821,8767418
8158943,7742226,7377859,7244384,7169832,7151536,7470277,7821662,8365993,8720591,8708630,8914531,8610671,8338385,8272551,8270468,8302757,8656823,8772167,8882292,8914413,8498067,8454439,7989573
7615626,7223506,6997389,6813263,6927770,6899424,7176919,7289347,7520294,7521525,7640512,7751243,7595563,7115113,6876149,7132743,7504092,7970501,8458477,8667164,8703784,8197358,8133207,7486667
7052689,6902490,6858284,6789443,7041139,7707922,9178725,9443699,9433701,9273311,8927257,8824901,8456887,8429581,8323721,8328275,8727589,9443103,9593821,9771556,9761623,9215298,9281476,8557243
8026246,7650714,7506740,7362576,7639843,8187758,9451635,9639609,9622172,9414249,9325555,9479709,9307504,9373653,9341996,9573920,10043774,10312593,10126191,10032830,9833297,9339021,9305398,8708124
8138854,7794242,7577567,7605489,7837717,8315090,9687677,10201152,10356651,10570244,10409200,10441557,10225443,10090515,10007396,9922597,9764512,9869406,10071393,10181483,10002749,9559854,9478719,8873385
8251219,7825972,7752296,7587675,7914305,8514429,9628237,10032336,9905346,9776439,9830430,9811806,9576837,9558629,9489224,9603695,9800115,10061425,10040512,10168705,9871861,9315481,9396981,8721243
8158951,7908461,7671796,7679844,7797170,8439292,9747328,10094751,10153711,10149651,10181740,10218412,9924454,9829921,9508373,9264724,9411375,9671094,9637521,9728491,9695808,9225120,9251470,8867116
8292071,7698984,7543478,7468401,7388949,7488910,7833778,8122651,8476121,8626240,8458933,8332860,8209590,7979546,7836573,7793114,7956052,8362453,8576392,8811368,8885332,8494816,8464400,8103100
7562203,7149130,7010070,6860561,6820909,6915348,7108491,7290311,7711223,8011262,8020426,8236604,7981130,7686428,7552685,7641414,7870440,8222355,8598119,9126523,9054231,8756102,8580108,7971601
7419186,7130601,7066321,7004438,7202598,7993418,9428955,9941516,10057835,10092487,9934027,10001673,9621335,9461750,9294213,9121375,9328741,9834385,9924178,10231490,9903029,9426046,9441695,8720200
8176432,7764214,7504132,7571116,7785355,8350026,9630341,10021312,10003887,9703913,9405323,9143325,8644276,8604953,8644134,8819748,9179882,9780836,9902797,10328619,9999174,9442584,9391121,8738645
8183047,7795171,7739832,7593061,7870804,8411535,9687115,10210885,10166766,10290622,10086132,9945790,9246051,8958262,9082214,9291140,9480638,9846941,9907475,10234002,9946735,9430973,9357993,8771897
8188576,7769131,7575079,7584357,7757151,8343908,9558360,10063590,10254710,10326811,10167953,9854008,9147115,9009834,8894713,8985264,9300140,9697906,9745059,10232341,9968115,9374089,9289798,8745611
8114390,7795252,7704628,7555751,7891815,8417785,9445465,9991723,10122566,10154261,9990229,9595336,8667845,8520137,8465842,8546235,8799228,9164613,9337767,9744927,9381009,8843330,8934549,8493753
7912027,7448706,7168337,7021286,7014746,7053189,7444872,7646780,7855646,8006111,7755328,7819503,7289730,7067028,7088567,7238829,7397924,7959733,8311978,8861790,8502147,8107315,8115959,7710347
7101566,6775286,6592368,6547541,6420905,6499039,6872489,6872235,7251443,7418247,7266808,7234687,7071929,6686878,6400711,6496282,6799017,7552602,8056368,8943065,8677488,8253960,8135952,7563756
7100062,6790421,6706381,6627088,6923073,7620172,9048447,9539293,9472533,9130956,8726474,8666659,8136684,8163022,8227509,8414807,8750339,9419701,9662643,10161972,9649502,9096435,8980533,8357835
7816068,7546512,7328235,7330401,7426367,8076226,9358981,9875595,9834727,9591661,9303930,8878336,8417877,8193268,8403371,8579767,8973371,9661381,9821449,10160357,9603063,9015814,9050896,8459358
7878479,7518925,7289682,7387938,7566084,8072210,9436722,10027669,10025277,10023344,9660353,9344198,8764546,8529059,8471571,8740054,8990089,9641089,9769060,10320346,9830181,9237893,9078326,8483804
7972848,7530421,7291694,7251259,7418363,8047681,9455555,9915226,9747841,9532324,9155684,8997886,8489850,8524480,8760126,8991459,9498453,9819502,10011761,10256309,9634603,9041574,8997626,8474691
7970176,7652134,7358403,7389475,7489171,7968055,9317805,9850908,9846438,9681527,9494221,9657223,9244030,9279970,9232052,9213938,9269952,9640674,9719835,10081702,9550536,9117139,9306982,8583727
8116160,7531048,7224109,7115745,7070817,7047970,7562264,7999839,8324200,8618784,8641050,8887519,8547994,8278999,8048620,8055306,8332901,8646907,8760673,9266310,8747682,8410034,8335436,7987111
7543420,7059076,7031574,6925175,6763833,6806566,7184663,7411707,7644197,7904213,7910364,7852833,7627307,7348346,7226033,7168390,7417962,8004723,8623929,9354166,9049718,8593731,8470646,7995552
7443591,7066732,7040527,6993292,7251717,8016914,9464149,10082900,9976629,9797038,9411676,9318936,8972987,9119354,9226208,9317744,9560342,10121556,10312993,10812335,10082897,9521733,9465760,8768175
8197852,7868130,7654636,7718491,7914183,8546185,9767836,10492692,10387584,10326829,10124371,9894808,9287623,9347671,9465446,9563572,9846485,10231516,10365750,10697770,10022868,9538106,9500809,8883485
8284363,7890033,7641153,7585301,7656282,8408177,9646925,10492019,10439031,10403449,10380428,10307852,10126095,10174750,9885215,9918637,9905515,10344541,10457099,10635224,10031930,9302784,9344076,8807002
8225031,7860421,7674779,7708142,7879585,8443650,9680892,10451676,10259692,10119871,9933860,9921948,9648423,9797762,9768572,9630942,10003607,10459112,10519108,10681117,10084175,9507912,9787086,9324372
8591866,8182224,7968684,7814982,8109268,8601988,10058568,10771162,10723012,10811447,10894506,10923657,10491201,10473834,10166592,10042037,10151984,10471644,10562769,10402012,9854240,9454254,9765889,9232001
8544534,8072881,7744939,7512172,7557370,7639502,8026289,8409619,8603669,8694413,8658918,8803835,8278410,7828125,7684850,7969212,8280410,8892893,9427702,9597959,9111632,8753641,8712157,8426249
7852357,7300966,6938328,6990286,6799727,6992549,7141812,7411865,7795498,8297628,8478744,8708487,8721786,8468210,8175281,8132399,8159965,8592317,9164962,9402275,9136976,8518787,8729619,8266198
7812443,7361594,7131440,7134689,7315859,8093420,9519769,10247596,10352510,10514285,10483746,10603124,10189778,10107050,10190438,10042640,10196762,10615886,10935616,10889035,10328739,9716312,9952565,9196319
8514220,8018522,7714991,7708808,7939756,8507912,9826588,10603878,10424509,10551060,10413259,10350180,9921040,10078563,10001577,9802435,10117657,10574675,10695101,10797093,10161330,9512988,9941463,9288955
8623500,8113091,7805723,7795633,8143646,8810143,10069231,10796221,10748270,10739492,10491885,10731798,10485064,10425000,10393652,10326136,10393770,10637639,10701304,10815734,10018589,9358785,9628801,9171239
8351544,7906054,7670626,7635767,7790694,8528008,9789244,10478051,10424378,10505572,10419580,10451016,10123479,9979176,9712976,9585777,9829563,10322969,10718259,10686996,10120681,9498184,9787212,9132963
8544036,8068348,7991120,7950743,8222373,8794774,9981624,10923611,10808371,10738721,10500721,10332794,9817930,9553308,9535993,9661294,9669169,9993342,10382182,10344066,9731190,9134922,9454453,8913611
8171740,7756510,7509954,7327371,7305681,7391003,7829924,8364224,8467200,8602793,8504968,8487510,8320505,8260035,8305787,8514924,8598685,9153977,9443426,9286313,8828031,8398430,8539273,8270691
7674313,7082802,6902134,6682602,6590714,6836451,7096647,7486550,7683971,8030745,8088282,8089245,7787734,7530469,7472700,7457710,7738934,8312019,9109443,9239713,8833743,8399321,8319054,7897446
7274211,6930959,6850803,6853474,7127963,7894222,9393463,10270636,10237910,10208706,9993880,10003076,9611164,9474168,9476923,9655580,9669455,10050233,10550280,10424937,9687612,9218347,9412164,8799356
8112234,7635684,7505806,7314098,7511517,8138578,9528788,10381111,10091405,9836062,9523922,9306844,8830290,9020251,9182001,9305541,9813891,10276571,10999435,10582153,9966251,9385750,9469029,8857661
8140697,7687842,7466135,7542686,7607635,8138319,9413554,10293599,10233877,9988703,9754962,9872323,9677425,9624022,9563107,9506608,9639780,10103535,10733101,10432473,9980894,9312915,9526959,8927391
8244527,7803435,7668222,7675714,7976519,8589324,9985369,10782064,10662901,10617936,10399324,10316136,9847244,9599586,9370108,9494249,9665006,10164164,11036701,10752282,9929547,9382392,9538530,9058666
8236756,7865684,7624625,7542157,7744612,8292007,9573893,10430865,10459392,10490882,10264110,10080673,9693731,9721203,9695553,9627808,9702230,9983846,10481348,10069527,9589863,9129370,9352580,8863719
8101631,7528343,7306233,7175322,7092193,7178666,7567742,8177721,8423754,8536240,8277013,8256534,7918206,7739435,7751529,7790526,7977637,8580866,9468856,9186948,8661671,8329581,8376311,8069519
7440824,6964509,6775385,6460079,6579134,6616328,7002679,7205396,7676713,7719279,8002825,7981186,7516207,7514695,7671459,7671998,7851305,9041250,9028619,8875752,8459547,8242517,8199484,7771129
7285674,6841348,6685941,6699282,6704038,7481927,8639435,9191375,9636255,9755953,9542354,9485644,9051919,9175627,9243205,9490999,9693491,10777267,10588689,10049585,9389155,8990570,9113288,8626823
8002876,7510238,7364577,7393337,7535757,8174413,9310726,9600707,9698637,9562377,9436465,9594448,9351356,9430860,9595247,9791841,10068588,11129227,10986698,10454560,9727589,9268440,9638222,9002659
8496293,7999191,7886798,7752409,8016514,8614364,9675160,10100057,9906069,9833798,9449472,9442461,9102841,9318617,9519607,9845702,10187538,11477285,11096470,10475638,9780169,9423010,9673698,9140194
8453772,8077461,7765970,7676643,7875079,8516163,9404219,9674196,9661100,9558512,9255342,9183390,8915454,9103461,9368984,9706189,9970366,10929269,10487397,9995567,9487978,9086281,9442212,9055215
8420384,7800359,7562256,7415159,7367120,7425073,7679607,7595500,7916756,8174895,8141264,8267308,8157189,7770391,7846051,8039214,8451826,9357541,9186317,9009339,8602430,8407661,8805222,8499666
7892416,7495475,7258198,7094603,7102147,7258423,7621394,7797816,8447165,8820286,8926356,9113938,8985561,8800828,8635273,8651060,8765135,9735209,9595223,9119233,8607506,8351312,8617476,8198155
7680175,7237030,6967635,6843833,6855566,6942852,7193990,7201938,7523688,7648942,7555860,8102203,8167608,7921563,7885647,8036124,8331712,9496291,9571732,9321962,8958768,8634841,8771201,8277463
7685355,7471142,7077511,7181857,7301153,8054760,9423830,9714141,9996710,10162931,10268692,10586187,10411937,10478165,10343568,10388584,10647753,11616978,11349491,10804722,10039734,9513031,10048972,9396891
8725657,8327923,8141991,8006381,8232944,8793325,10078161,10420576,10428023,10557770,10706240,10805794,10600432,10627816,10679656,10817470,10875489,11660026,11299002,10699905,10012524,9538287,9862671,9540612
8757674,8294617,8063848,7998787,8184492,8939339,10090557,10616823,10759045,10644730,10712259,11014391,10869026,10843754,10770842,10783839,10857590,11602624,11145144,10603432,9961071,9398646,9683327,9134022
8415668,7964827,7782306,7658180,7887211,8501609,9981533,10503836,10678936,10798688,10982661,11056985,10779197,10795317,10843309,10857740,11114794,12105275,11711062,11080969,10450594,9875998,10184415,9699065
8833813,8454570,8246737,8381807,8602554,9169809,10293094,10751728,10723736,10690842,10604149,10624184,10333350,10447409,10493889,10400273,10821248,11555287,11139585,10526667,9883883,9540563,9795064,9323094
8594804,8019217,7851857,7648978,7598304,7664915,8119536,8245589,8642327,8617645,8427295,8635432,8731529,8743549,8817504,8914491,9287291,10230215,9879459,9493912,8973811,8660829,9036376,8770666
8273143,7790705,7519649,7504561,7469777,7556504,7710068,7754229,8165360,8519698,8457966,8531601,8322652,8139868,8198060,8419898,8632753,9698131,9706583,9441292,9045021,8811739,9145712,8807285
8212721,7926993,7607048,7558948,7606263,7665171,7971302,7823787,7908682,7928264,7926676,8283874,8072941,7843654,8012785,8371119,8832167,9937864,9887195,9485820,9173499,8877741,9281490,8848164
8216149,7758405,7615778,7551168,7781140,8559206,9927530,10572254,10731724,10989850,10983275,11189280,10986439,11138801,11150443,11308463,11515114,12283839,11797665,11270241,10544081,10050703,10281619,9695961
9091691,8740148,8591879,8413087,8721471,9298169,10658093,11197215,11098913,10840731,10387510,10268904,10091158,10311619,10386556,10717832,11066850,12108601,11847205,11245079,10444675,9963105,10352325,9793056
9136867,8742096,8450608,8277438,8400275,9171206,10414959,10961092,10853298,11019312,11112278,11366876,11046724,10989099,11002738,11084131,11453280,12255595,11932640,11303172,10538081,10037437,10498400,9868515
9123713,8737282,8453178,8413061,8620185,9311514,10501520,10953205,10903887,10796714,10643660,10655593,10200935,10139051,10122875,10461648,10886150,11776990,11388711,10865341,10330110,9786216,10354452,9913412
9291491,8614686,8402677,8184730,8161956,8301938,8492704,8916918,9444881,9866349,9976212,10031871,9732190,9587814,9516632,9610148,10064527,10831287,10646816,10130204,9623561,9349901,9694607,9334937
8756264,8335480,8044344,7860621,7765686,7724014,7929954,8029546,8402639,8933165,9129821,9554549,9556606,9122099,9002557,8967211,9311774,10204770,10284497,10222083,9754846,9211236,9536916,9119368
8579989,8194024,8050590,7891645,8192003,8843731,10348707,11025760,11167822,11222821,11256584,11372872,11171433,11038953,10986030,11125255,11425653,12262348,12003304,11329251,10658233,10094098,10464028,10092144
9403669,8977800,8591895,8500833,8768206,9304269,10741474,11347800,11320497,11500243,11253800,11353989,10913673,10876417,10905194,11076544,11280933,12085029,11795780,11278041,10550869,10090770,10589673,10076228
9401940,8972002,8703715,8509442,8681980,9356744,10492660,11127178,11006007,10695466,10581022,10651509,10701696,10798199,10864826,10956428,11403959,11894105,11666001,11161533,10630372,10079358,10655529,10280745
9642642,9299178,9024444,8881472,9105975,9620732,10872967,11603231,11380168,11563688,11438584,11461689,11143875,11191720,11029783,11281176,11625180,12375988,12079881,11409756,10701297,10238197,10637029,10084213
9567512,9013339,8675234,8651826,8718938,9378235,10752136,11403353,11303945,11451273,11414950,11375903,11010844,11140038,10952996,11024476,11352798,11896950,11479758,10798292,10302417,9840670,10361721,10042404
9452879,8688351,8520036,8157033,8107924,8333952,8502579,9005900,9459154,9989096,10115963,10140973,10017014,9730438,9740125,9780934,10174756,10864920,10562230,10203975,9662837,9230634,9694451,9473502
8987059,8572184,8129294,8061653,7918311,7888481,8120586,8179812,8656325,9085388,9305022,9265355,9138471,9067231,9068618,9069391,9433815,10139460,10336282,10165859,9801517,9363631,9656789,9221407
8735820,8457397,8125715,8048444,8381464,9161379,10537327,11360393,11275923,11429064,11242158,11271788,10825184,10743074,10850907,11056409,11500175,12390714,12044938,11334993,10628302,10148059,10585338,10066516
9585970,9153868,8826187,8800561,8980588,9573794,10897953,11656872,11519819,11438118,11423238,11501009,11183875,11248220,11268105,11346970,11731832,12508355,12077752,11502986,10864029,10273135,10741296,10335135
9664571,9204423,8885110,8837141,8985577,9671343,10820948,11551164,11499612,11452653,11437175,11479762,11079923,10955577,11013377,11208677,11729262,12345188,12030154,11455629,10763881,10251591,10591147,10155345
9515691,8986157,8745147,8632899,8756943,9358662,10683609,11369649,11424569,11554762,11556120,11508204,11213610,11365952,11246898,11266377,11772105,12289276,11902340,11294208,10630986,10192750,10554181,10102753
9396969,8942221,8654974,8474951,8695933,9275017,10305740,11058887,11072415,11116568,11052401,11065165,10673455,10732688,10598769,10668632,11079111,11418398,11016705,10461390,9865791,9491726,10155113,9796042
9180339,8532937,8177767,8043515,8011719,8138143,8444486,8877795,9285527,9476359,9665791,9833382,9583869,9465996,9416457,9591030,10093751,10769046,10627390,10138547,9689946,9321958,9723638,9513167
8775908,8396873,8049024,7886748,7752168,7836424,8059994,8231910,8526645,8784911,8781248,8801035,8681817,8603091,8716183,8893614,9469482,10154448,10207993,10055105,9591330,9184189,9466148,9109322
8484349,8058758,7749088,7665709,7934246,8887550,10217669,11010619,11048842,10917973,10599210,10449533,10104979,10190563,10404179,10692060,11414449,12314439,12022810,11426266,10834608,10320826,10711503,10166523
9645341,9173245,8980536,8833340,8861277,9545901,11008236,11834449,11721002,11405237,10957974,10936155,10601135,10787588,10988421,11314362,11936845,12670911,12392921,11805734,10968164,10456338,10946587,10424050
9862118,9269737,8845909,8873669,8951334,9489535,10933921,11668534,11866948,11799935,11699355,11690126,11624658,11598739,11646716,11740724,12132358,12525071,12166210,11681155,10975032,10489787,10892066,10416760
9822114,9325280,8943483,8917797,9110103,9572615,10975406,11591220,11331084,11351310,11250571,11445912,11065535,11326477,11382653,11492847,11845507,12231395,11890782,11322578,10653528,10226203,10619242,10172924
9608141,9020636,9038006,8689196,8801462,9426357,10703797,11436868,11411874,11164037,10958399,10982131,10581221,10618482,10662718,10858445,11484762,12181790,11675623,11097439,10486203,10173018,10768635,10536002
9932207,9264254,8815806,8740345,8542195,8503379,8830210,9261426,9770725,10111766,10133888,10187442,10092124,9890936,9835118,9908328,10455553,10850914,10693397,10255964,9848301,9522614,9714983,9408390
8966449,8486537,8130128,7850668,7803696,7765691,7940022,8183258,8519871,8865563,9168978,9390273,9411474,8998169,8755021,9049033,9524096,10149899,10436587,10182646,9693712,9298020,9490606,9157204
8712501,8303839,8036270,7903941,8165242,8982451,10457453,11011903,11115117,11043943,10843070,10706357,10535639,10495265,10682599,10999364,11587538,12382487,12155033,11585516,10849498,10363810,10748823,10318747
9757475,9254169,9099162,8952659,9271426,9758921,11183158,11923783,11690124,11379773,11092788,10753858,10572124,10737587,10954352,11268543,11999663,12801602,12301474,11725505,10955678,10584040,11127597,10605857
10031678,9611369,9175389,9035462,9035687,9636919,11050382,11669608,11619661,11452578,11011036,10981126,10659544,10664243,10897449,11228666,11859704,12617961,12255439,11775755,10937807,10412453,10910707,10472390
9757739,9406213,9081093,8914700,9127295,9491846,10904585,11575009,11682022,11611510,11411864,11158898,10957363,10876038,11194484,11506704,12066547,12584683,12274676,11628420,11028419,10562838,10978558,10520460
10054099,9551053,9153690,8963011,9127824,9588848,11024682,11831161,11775826,11557857,11240602,11186939,10976760,11010059,11174201,11237811,11757248,12352690,11912072,11306603,10678325,10253202,10758498,10198223
9749245,9312940,8842252,8588737,8512136,8525401,8781972,9217259,9689537,10023052,9830010,9980009,9592235,9392574,9362939,9830253,10302921,10971899,10625214,10146611,9625572,9105628,9432195,9267732
8746736,8196880,7864034,7647039,7432950,7732906,7915793,8157870,8669549,9164255,9410412,9518391,9620641,9265194,9008748,9105878,9434974,10213293,10355912,9981039,9785790,9266771,9423005,9036959
8467705,8148648,7933214,7835157,8126877,8715586,10154666,10929394,10958712,10753361,10490800,10463388,10247903,10264675,10283154,10690913,11281814,11974601,11742978,11168036,10386559,9939181,10302783,9771715
8957654,8612974,8259515,8128293,8379279,9116684,10418274,11174817,11349913,11322216,11237134,11433050,11241242,11119462,11152388,11254929,11966400,12337218,12012583,11321641,10588367,10046102,10434680,9860891
9317048,8778729,8488100,8332143,8425479,9079842,10189541,10933302,11289274,11274867,11134676,11097850,10812547,10585673,10523331,10918194,11437042,11979356,11635667,11051379,10327507,9848742,10156575,9594805
8969506,8496107,8143236,8046653,8272841,8928115,10025222,10832384,11141640,11013168,10908371,10871839,10333705,10483452,10538349,10827471,11463032,12001198,11762950,11110658,10530076,9980495,10339387,9860583
9161982,8685232,8438306,8332585,8515416,9047649,10211675,11008071,11027509,10815563,10401566,10154307,9710124,9708798,9821826,10129802,10669496,11280941,10834826,10342335,9569277,9241367,9767695,9414428
8613852,8182649,7842464,7603207,7572083,7618923,7891382,8223703,8802508,9271530,9368608,9490418,9248120,9055748,9051609,9105834,9710362,10222512,10012545,9526583,9005847,8715541,9059100,8842264
8285202,7846404,7540003,7400710,7286759,7337153,7543471,7643752,8174771,8628548,8761908,9074314,8999804,8839490,8663275,8688151,9138278,9728887,9680041,9382628,9048704,8756537,9003533,8632619
8053524,7664782,7381958,7332685,7465630,7909190,8749549,9257109,9538141,9541424,9410231,9687485,9615448,9462289,9434188,9570348,10118970,10449972,10108124,9664087,9078896,8705339,9061731,8749981
8004996,7422115,7148981,6989454,7101195,7460818,8129259,8633600,9166864,9484052,9544696,9568586,9398719,9296750,9147797,9271462,9627123,9600932,9134879,8740787,8539339,8284729,8899838,8772057
8100149,7441652,6985413,6743975,6721568,6830500,6933960,6906556,7095104,7391916,7536923,7624116,7800643,7714487,7676035,7798153,8211662,8740544,8776561,8657709,8395690,8209196,8803120,8560905
7900931,7461131,7196379,7095686,7218620,7593459,8124851,8494886,8947985,9270646,9306805,9426249,9297818,9209282,9166637,9307487,9725914,10439780,10135242,9624834,9012599,8652736,9182529,8788627
8075451,7572839,7218511,7081367,7152464,7428809,7952474,8363076,8851150,9225663,9275069,9449894,9345438,9245507,9160990,9212815,9687028,10126747,9820567,9286217,8760719,8502013,9093453,8781116
8112025,7622183,7306571,7128299,7159489,7327284,7597237,7812467,8301783,8772608,8694349,8692475,8554835,8533547,8598866,8720916,9282234,9972956,9773683,9310980,8759799,8472986,8781316,8556775
7904987,7475037,7193231,6997568,6989966,7119200,7322081,7399377,7747669,8076609,8211501,8307669,8189388,7854320,7825458,8141769,8590634,9393711,9417474,9225006,8805955,8487783,8842551,8537542
7878643,7472115,7182126,7036485,7116754,7420918,8037796,8492146,8765758,8851841,8777681,8992933,9037100,9068996,9060476,9212692,9653954,10209129,9868313,9495649,9001592,8672678,9167859,8833265
8091622,7627989,7278405,7111469,7152505,7488241,7963893,8327444,8703580,8887040,8836766,8754490,8593560,8672404,8675321,8758402,9164296,9564862,9110910,8602754,8310493,8202154,8872280,8744512
